iter	Logloss
0	0.653320922
1	0.6296821331
2	0.6050649882
3	0.5837595248
4	0.56736352
5	0.5528264774
6	0.5394442016
7	0.5259630867
8	0.5167845188
9	0.508475896
10	0.5004737486
11	0.4946742181
12	0.4883197106
13	0.4806877697
14	0.4741110508
15	0.4679121378
16	0.4616360078
17	0.4533735201
18	0.4487619977
19	0.445508045
20	0.4425900907
21	0.4377733348
22	0.4325965092
23	0.4282822408
24	0.4256997896
25	0.4227015806
26	0.4199949713
27	0.417414844
28	0.4137211573
29	0.409741554
